Comment,Published At,Like Count,Reply Count,Video Title
"I&#39;ve recently started watching tectone and <a href=""https://www.youtube.com/watch?v=bwj2jMtkTRw&amp;t=974"">16:14</a> highlights why I enjoy his content. Bro just straight up himself and not even in an arrogant way, he just chill asf",2025-06-17T19:38:39Z,0,0,real_math_genius_looks_like_obsession
"I really like this guy,,, always push me to work harder,,, great person",2025-06-17T19:03:20Z,0,0,real_math_genius_looks_like_obsession
Love From India üáÆüá≥‚ù§Ô∏è,2025-06-17T18:17:35Z,1,0,real_math_genius_looks_like_obsession
"While obsession is a great tool for becoming really good at something, let&#39;s not forget that it can sometimes divert you from achieving true happiness. Thomas Flight has a great video essay comparing the obsession with excellence from The Bear and the contentment with simplicity from Perfect Days. He explains this idea better than I could.",2025-06-17T18:02:49Z,0,0,real_math_genius_looks_like_obsession
I am gonna score AIR &lt;50 in GATE DA 2026,2025-06-17T16:38:11Z,1,1,real_math_genius_looks_like_obsession
Reply: Sure brother <br>All the best üôÇ,2025-06-17T18:18:09Z,1,0,real_math_genius_looks_like_obsession
"obsession is painfull. Theres soo much sacrifice at play. I worked soo hard to get 80 plus in my engineering classes, no one in my class bothered to work that hard. My parents thought I was crazy , losing my mind , ruining my health by drinking 10 monsters in 1 week",2025-06-17T16:32:46Z,2,1,real_math_genius_looks_like_obsession
"Reply: &quot;Know your limits, Master Wayne&quot;",2025-06-17T19:33:06Z,0,0,real_math_genius_looks_like_obsession
i am obsessed,2025-06-17T16:18:51Z,0,0,real_math_genius_looks_like_obsession
Do you play Go? Lots of mathematicians play it seems. It&#39;s a fascinating game. I just put a set together.,2025-06-17T16:14:15Z,0,0,real_math_genius_looks_like_obsession
Please tell how people develop obsession to something? Is it related to flow state or anything else?,2025-06-17T16:06:17Z,2,0,real_math_genius_looks_like_obsession
"I think you are one of the most successful humans sir, just great at living life like a legend!",2025-06-17T15:59:10Z,3,0,real_math_genius_looks_like_obsession
"Hey man your videos are always inspirational,  appreciate you for giving that little spark that rekindles the flame within",2025-06-17T15:52:37Z,1,0,real_math_genius_looks_like_obsession
"Epic Psychology Minds <a href=""https://amzn.to/4jRm8Zq"">https://amzn.to/4jRm8Zq</a> (affiliate link)",2025-06-16T17:37:51Z,1,0,the_most_legendary_psychologists_ever
‚ù§‚ù§‚ù§‚ù§‚ù§,2025-06-16T20:19:38Z,0,0,the_most_legendary_psychologists_ever
"I need better brain food, any suggestions?",2025-06-17T20:51:33Z,0,0,the_reality_of_learning_math_physics_computer_science_engineering_or_anything_this_is_truth
Can you do a video on learning as an adult versus learning when you‚Äôre younger?,2025-06-17T20:34:40Z,0,0,the_reality_of_learning_math_physics_computer_science_engineering_or_anything_this_is_truth
you are 3 step away to teleporting in my room xD,2025-06-17T19:31:52Z,0,0,the_reality_of_learning_math_physics_computer_science_engineering_or_anything_this_is_truth
Thank you for the video. Inspirational,2025-06-17T19:08:55Z,0,0,the_reality_of_learning_math_physics_computer_science_engineering_or_anything_this_is_truth
"‚Äè‚Ä™<a href=""https://www.youtube.com/watch?v=tv89WfipMCY&amp;t=869"">14:29</a><br>The Prophet Muhammad (peace and blessings be upon him) was asked: ‚ÄúWhich deed is most beloved to God?‚Äù He replied: ‚ÄúThe one that is done consistently, even if it is small.‚Äù That is, deeds, even if small, are most beloved to God if one continues to do them over time.",2025-06-17T17:36:57Z,0,0,the_reality_of_learning_math_physics_computer_science_engineering_or_anything_this_is_truth
I am gonna win now lets go,2025-06-17T16:53:21Z,0,0,the_reality_of_learning_math_physics_computer_science_engineering_or_anything_this_is_truth
"I double-majored in Math and Computer Science. Yes, it was very hard, but I was young and naive and I just dug in and did it. If I was &quot;older and wiser&quot; I might not have had the courage to do it. Now I study physics and continue practicing math in my free time. I told a friend this once and she said, &quot;You really need a girlfriend!&quot; Thanks for helping in my continued mathematical journey.",2025-06-17T15:39:18Z,0,0,the_reality_of_learning_math_physics_computer_science_engineering_or_anything_this_is_truth
Amazing eyes ‚ù§ love your videos. Thank you üòä,2025-06-17T14:46:14Z,1,0,the_reality_of_learning_math_physics_computer_science_engineering_or_anything_this_is_truth
Isn&#39;t all about practice?,2025-06-17T06:44:50Z,0,0,the_reality_of_learning_math_physics_computer_science_engineering_or_anything_this_is_truth
"Hi Math sorcerer, I want to learn quatum computing and it&#39;s mathematical and physics background. <br><br>Can you please suggest me some good resources/Books for the same.<br><br>Thank you.",2025-06-17T06:11:20Z,0,0,the_reality_of_learning_math_physics_computer_science_engineering_or_anything_this_is_truth
"I dont know what is it with the close up videos, but it&#39;s funny",2025-06-17T02:06:16Z,1,0,the_reality_of_learning_math_physics_computer_science_engineering_or_anything_this_is_truth
üòëüòë,2025-06-17T00:37:51Z,0,0,the_reality_of_learning_math_physics_computer_science_engineering_or_anything_this_is_truth
Thank you. You have such a beautiful heartüíêüôèüèΩ,2025-06-16T22:35:11Z,1,0,the_reality_of_learning_math_physics_computer_science_engineering_or_anything_this_is_truth
"<a href=""UCkszU2WH9gy1mb0dV-11UJg/m8MfY4jbFsWJhL0PyouA2Ak""></a>",2025-06-16T20:25:24Z,0,0,the_reality_of_learning_math_physics_computer_science_engineering_or_anything_this_is_truth
Either you learned to stop caring about what others think or you&#39;re trying to look insane as possible.,2025-06-16T18:11:58Z,2,0,the_reality_of_learning_math_physics_computer_science_engineering_or_anything_this_is_truth
"Badly needed this, thank you so much! I failed my calculus for the 2nd time and I realized I never had enough foundation for it since I was a careless kind of student in high school. I tried to study the basics and I was impatient, thinking that 1 example was enough and skipped everything. I genuinely do hope it gets easier and that it&#39;s never too late for me. : ) Currently mastering pre-cal and calculus to prepare for my biggest enemy.",2025-06-16T17:29:56Z,0,0,the_reality_of_learning_math_physics_computer_science_engineering_or_anything_this_is_truth
"&quot;That&#39;s when you have the most energy&quot;.<br><br>No. No it is not. It might be when <b>you</b> have the most energy, but I can assure you that many of us are the exact opposite. I can&#39;t do shit first thing in the morning, right after rolling out of bed. My energy peaks in the evening and at night. lead up until bed-time. Which is frustrating because sometimes it&#39;s hard to fall asleep because my mind is buzzing and I&#39;m all wired thinking about &quot;stuff&quot;. But there&#39;s no question that my most effective time for studying / writing / coding / etc. is at night.",2025-06-16T17:26:56Z,0,0,the_reality_of_learning_math_physics_computer_science_engineering_or_anything_this_is_truth
Give us some space brother.,2025-06-16T16:57:45Z,5,0,the_reality_of_learning_math_physics_computer_science_engineering_or_anything_this_is_truth
Thank you. Great and helpful insights.,2025-06-16T15:00:46Z,0,0,the_reality_of_learning_math_physics_computer_science_engineering_or_anything_this_is_truth
no one:<br><br>math sorcerer: O <i>__</i> O,2025-06-16T14:32:55Z,16,2,the_reality_of_learning_math_physics_computer_science_engineering_or_anything_this_is_truth
Reply: üòÖ,2025-06-16T15:29:21Z,0,0,the_reality_of_learning_math_physics_computer_science_engineering_or_anything_this_is_truth
Reply: He is using drugs,2025-06-16T17:50:23Z,1,0,the_reality_of_learning_math_physics_computer_science_engineering_or_anything_this_is_truth
It‚Äôs in the biometrics (of the eyes). I could identify him in the noise of my YouTube feed recommendations in an instant. Obviously watched too many of his entertaining views‚Ä¶ üòÇ,2025-06-16T12:06:01Z,1,0,the_reality_of_learning_math_physics_computer_science_engineering_or_anything_this_is_truth
That&#39;s what was to be proven.,2025-06-16T11:42:04Z,0,0,the_reality_of_learning_math_physics_computer_science_engineering_or_anything_this_is_truth
This man stares into my soul and sends good vibes.,2025-06-16T11:35:33Z,22,0,the_reality_of_learning_math_physics_computer_science_engineering_or_anything_this_is_truth
Up close and personal this time around,2025-06-16T11:11:28Z,1,0,the_reality_of_learning_math_physics_computer_science_engineering_or_anything_this_is_truth
Back up man,2025-06-16T10:35:08Z,5,1,the_reality_of_learning_math_physics_computer_science_engineering_or_anything_this_is_truth
Reply: üòÇ,2025-06-16T15:51:43Z,1,0,the_reality_of_learning_math_physics_computer_science_engineering_or_anything_this_is_truth
This dude is so cooked üòÇüòÇüòÇ,2025-06-16T08:44:28Z,1,3,the_reality_of_learning_math_physics_computer_science_engineering_or_anything_this_is_truth
Reply: Success can do that to many people. I hope this doesn&#39;t happen to you üòä,2025-06-16T12:52:18Z,0,0,the_reality_of_learning_math_physics_computer_science_engineering_or_anything_this_is_truth
Reply: That dude is just ‚ù§‚ù§,2025-06-16T15:00:53Z,3,0,the_reality_of_learning_math_physics_computer_science_engineering_or_anything_this_is_truth
Reply: He is using drugs,2025-06-16T17:51:04Z,1,0,the_reality_of_learning_math_physics_computer_science_engineering_or_anything_this_is_truth
The math sorcerer is the storm that is approaching.,2025-06-16T08:14:56Z,0,0,the_reality_of_learning_math_physics_computer_science_engineering_or_anything_this_is_truth
What is x +2=5?   5 is a whold number. 2 is a whole number. 3 is a whole number. X is anything that equals 3.  Technically we can&#39;t count. There is no fractions. Answer is 3/5 is x.  Yep socialism confuse people sense the beginning of time. Put out untrue mathematics.,2025-06-16T08:00:37Z,0,0,the_reality_of_learning_math_physics_computer_science_engineering_or_anything_this_is_truth
"You have teacher using socialism. 15% of 80 is ?? Well 80 is a whole number. It infinity with 80 stamped on it. So the answer is 15% of infinity.  Now if they said what is 15% of 80/1. I can count by 1. If its 80/2 i can count by 2.  All the way up to 80. Then its 1/80, 2/80. Its turns into degrees. Morphs into real complex math. Math yet to be fully expored. Easly phd level papers for people.",2025-06-16T07:57:31Z,0,0,the_reality_of_learning_math_physics_computer_science_engineering_or_anything_this_is_truth
LOL at the close-up,2025-06-16T07:38:04Z,6,0,the_reality_of_learning_math_physics_computer_science_engineering_or_anything_this_is_truth
math sorcerer is turning into vsauceüòÇ,2025-06-16T07:34:55Z,7,0,the_reality_of_learning_math_physics_computer_science_engineering_or_anything_this_is_truth
WOULD lobe to here your opinion on that psychology  premise. On &quot; just focas on your strengths &quot; not your weaknesses??    Any help ???  Exp=  if  were not understanding a certain math  ...that maybe math is really not our strength.  And just leave it alone and foccus on something else were strong in ??? Any advice üéâüéâ‚ù§,2025-06-16T06:53:02Z,1,0,the_reality_of_learning_math_physics_computer_science_engineering_or_anything_this_is_truth
"Started Aeronautical engineering Diploma this year. Had my Midsem tests completed last week. Engineering math, Materials , Thermofluids , Lathe-milling machines and digital electronics <br><br>God the Sheer pacing was insane <br>The math was the easiest in the entire exam weeküòÇ",2025-06-16T05:33:10Z,9,1,the_reality_of_learning_math_physics_computer_science_engineering_or_anything_this_is_truth
Reply: Congrats. It&#39;s a wonderful career to enter.  As long as you also get a great co-op or internship as well üòä,2025-06-16T12:48:57Z,0,0,the_reality_of_learning_math_physics_computer_science_engineering_or_anything_this_is_truth
"I like this POV, can you do 0.5x fish zoom next ‚ù§",2025-06-16T05:25:46Z,9,0,the_reality_of_learning_math_physics_computer_science_engineering_or_anything_this_is_truth
"Great message, thanks for sharing.",2025-06-16T05:13:13Z,7,0,the_reality_of_learning_math_physics_computer_science_engineering_or_anything_this_is_truth
Please move back from the camera lens.,2025-06-16T04:28:56Z,100,15,the_reality_of_learning_math_physics_computer_science_engineering_or_anything_this_is_truth
Reply: üòÇ,2025-06-16T07:15:19Z,5,0,the_reality_of_learning_math_physics_computer_science_engineering_or_anything_this_is_truth
Reply: üòÇüòÇ,2025-06-16T08:14:34Z,6,0,the_reality_of_learning_math_physics_computer_science_engineering_or_anything_this_is_truth
Reply: üòÇüòÇüòÇüòÇ,2025-06-16T10:09:50Z,5,0,the_reality_of_learning_math_physics_computer_science_engineering_or_anything_this_is_truth
Reply: üòÇüòÇüòÇüòÇüòÇ,2025-06-16T10:10:26Z,4,0,the_reality_of_learning_math_physics_computer_science_engineering_or_anything_this_is_truth
Reply: üòÇüòÇüòÇüòÇüòÇüòÇ,2025-06-16T11:46:47Z,4,0,the_reality_of_learning_math_physics_computer_science_engineering_or_anything_this_is_truth
"Dear mr, i&#39;m currently having a 9 to 5 job and i really want to study math to boost my career. I try to read math book and study every night and make it hobby. But i can not keep the discipline for more than a week and just keep coming back to playing video game. Do you have any recommendations for quitting game, distracting stuffs and replacing them with math and studying ? Thank you.",2025-06-16T04:25:44Z,7,2,the_reality_of_learning_math_physics_computer_science_engineering_or_anything_this_is_truth
"Reply: You need to practice discipline. Any time you are tempted to do something besides what you are supposed to be doing, you are practicing discipline and having control of your own mind and that is a good thing. The more you do it, the easier it gets, though you will always be tested, and that will never stop.<br><br>Once you master discipline and controlling your mind to a certain degree it is very empowering!",2025-06-16T05:54:57Z,1,0,the_reality_of_learning_math_physics_computer_science_engineering_or_anything_this_is_truth
Reply: learn to embrace necessary suffering until it becomes not-suffering. That‚Äôs basically what discipline is,2025-06-16T10:21:38Z,0,0,the_reality_of_learning_math_physics_computer_science_engineering_or_anything_this_is_truth
‚ù§‚ù§‚ù§‚ù§‚ù§,2025-06-16T04:25:05Z,1,0,the_reality_of_learning_math_physics_computer_science_engineering_or_anything_this_is_truth
"I am from crypto space. I am trying to learn the math behind zero-knowledge proof. It is so freaking hard! After quitting school for so many years, i can&#39;t even remember what polynomial is. Btw, what books would you recommend to seriously study the math behind modern cryptography ?",2025-06-16T04:06:54Z,9,4,the_reality_of_learning_math_physics_computer_science_engineering_or_anything_this_is_truth
"Reply: I recommend the book by Trappe and Washington. It is called Introduction to Cryptography with Coding Theory. It&#39;s kind of expensive and it&#39;s not perfect but, I did read the entire book and I thought it was &quot;easy&quot; compared to other high lvl math books. Note this was Pre-Bitcoin. I hope this helps my friend! Cryptography is a beautiful subject!",2025-06-16T04:14:33Z,9,0,the_reality_of_learning_math_physics_computer_science_engineering_or_anything_this_is_truth
"Reply: If he can&#39;t even remember what a polinomial is, isn&#39;t he should start with some algebra?<br>Like Blitzer college algebra book.<br>‚Äã@@TheMathSorcerer",2025-06-16T04:20:53Z,0,0,the_reality_of_learning_math_physics_computer_science_engineering_or_anything_this_is_truth
"Reply: @@TheMathSorcerer When i was doing math back in the day in school, i always memorise the formula and plug in the number so i can get the result and pass the exam. But now i find myself completely lost when it comes to really understanding the why and what of the math. I can&#39;t get the intuition why the math is done this way. I feel totally upset. How much effort do i have to put in to get to that level?",2025-06-16T04:26:01Z,0,0,the_reality_of_learning_math_physics_computer_science_engineering_or_anything_this_is_truth
"Reply: A good place to start mathematically if you‚Äôre willing to work is Apostols Calculus. It will introduce you to proof writing and higher math ideas but will also teach calculus. For elementary math it doesn‚Äôt really matter, any decent high school algebra + geometry textbook will be fine",2025-06-17T14:47:37Z,1,0,the_reality_of_learning_math_physics_computer_science_engineering_or_anything_this_is_truth
I love these motivational videos . Thank you !,2025-06-16T04:05:17Z,33,0,the_reality_of_learning_math_physics_computer_science_engineering_or_anything_this_is_truth
You have a camera equipped with a high-performance lens.,2025-06-16T03:56:19Z,15,1,the_reality_of_learning_math_physics_computer_science_engineering_or_anything_this_is_truth
Reply: Is that a compliment or a sarcasm? üòÇ,2025-06-16T07:38:31Z,5,0,the_reality_of_learning_math_physics_computer_science_engineering_or_anything_this_is_truth
Thanks sir ‚ù§,2025-06-16T03:54:29Z,6,0,the_reality_of_learning_math_physics_computer_science_engineering_or_anything_this_is_truth
Such kind eyes,2025-06-16T03:47:12Z,29,0,the_reality_of_learning_math_physics_computer_science_engineering_or_anything_this_is_truth
"i try to learn programming by myself , but everyone is telling the time of coding is over .is it true ?",2025-06-17T14:05:07Z,0,0,you_must_do_this_every_day_of_your_life_if_you_want_to_maximize_your_potential_never_forget_it
Its one thing to believe in yourself. ITS A WHOLE OTER THING WHEN THE WIZARD  TELLS YOU TO üéâüéâüéâ‚ù§‚ù§‚ù§  YOUR THE MAN BRO. KEEP IT UP THE  WOLRD NEEDED YOU ü§åüèæü§åüèæü§åüèæüíØüíØüíØüíØüíØüíØüíØ,2025-06-17T02:30:00Z,0,0,you_must_do_this_every_day_of_your_life_if_you_want_to_maximize_your_potential_never_forget_it
"I do the things that I hate to do,like I love it.<br>I don&#39;t remember where I saw this phrase,but looks right to me.<br>I&#39;m sorry for my English üòÇ",2025-06-16T23:36:02Z,0,0,you_must_do_this_every_day_of_your_life_if_you_want_to_maximize_your_potential_never_forget_it
I&#39;m not sure if you&#39;ll see this. I have had a lifelong fear of math that has cropped my options and severely crippled my belief in myself and sense of self-efficacy. I am currently doing a course that requires some basic math - algebra and statistics - and the first semester has been so challenging that I have considered dropping out and losing the money I grinded for due to just this one math module. I don&#39;t believe I can do it. But I want to. Thanks for the reminder. Cheer me on friends. I&#39;ll comment here again when I graduate with my certificate.,2025-06-16T16:54:42Z,0,0,you_must_do_this_every_day_of_your_life_if_you_want_to_maximize_your_potential_never_forget_it
"Hello I&#39;m getting closer to study algebra again after months of hardwork, learning fundamentals and other things. I kept fighting and now I feel like I can do some of the things that I was afraid before. Thank you sir for inspiring us to keep going and never give up! May God continue to bless you sir.",2025-06-16T13:46:08Z,2,0,you_must_do_this_every_day_of_your_life_if_you_want_to_maximize_your_potential_never_forget_it
thank u g we needed this üôè,2025-06-16T10:21:50Z,0,0,you_must_do_this_every_day_of_your_life_if_you_want_to_maximize_your_potential_never_forget_it
The POV really sells the message.,2025-06-16T03:33:03Z,18,1,you_must_do_this_every_day_of_your_life_if_you_want_to_maximize_your_potential_never_forget_it
Reply: I am glad it helped my friend.,2025-06-16T04:16:32Z,2,0,you_must_do_this_every_day_of_your_life_if_you_want_to_maximize_your_potential_never_forget_it
Grandpa can you read Buddha in Theravada Buddhism and memorize them. I would sit and listen to you maybe all days!,2025-06-16T03:17:37Z,0,0,you_must_do_this_every_day_of_your_life_if_you_want_to_maximize_your_potential_never_forget_it
"Hi Daniel, first of all, I really enjoy your videos. I wanted to ask you something: what‚Äôs your opinion on the law of attraction and manifesting? Are those things that actually work? I‚Äôd love to hear your thoughts.",2025-06-16T02:16:51Z,0,0,you_must_do_this_every_day_of_your_life_if_you_want_to_maximize_your_potential_never_forget_it
Funny ass thumbnail.,2025-06-15T23:43:31Z,2,1,you_must_do_this_every_day_of_your_life_if_you_want_to_maximize_your_potential_never_forget_it
"Reply: Thanks, I think lol",2025-06-16T04:17:16Z,0,0,you_must_do_this_every_day_of_your_life_if_you_want_to_maximize_your_potential_never_forget_it
‚ù§‚ù§‚ù§‚ù§‚ù§,2025-06-15T20:53:30Z,1,0,you_must_do_this_every_day_of_your_life_if_you_want_to_maximize_your_potential_never_forget_it
"&quot;Don&#39;t Stop Believin&#39;&quot; ~ Journey<br><a href=""https://www.youtube.com/watch?v=VcjzHMhBtf0"">https://www.youtube.com/watch?v=VcjzHMhBtf0</a>",2025-06-15T18:50:57Z,2,1,you_must_do_this_every_day_of_your_life_if_you_want_to_maximize_your_potential_never_forget_it
Reply: Heck yes!,2025-06-16T04:19:05Z,1,0,you_must_do_this_every_day_of_your_life_if_you_want_to_maximize_your_potential_never_forget_it
"I swear IDK how I watched your video tbh I was ordering some food online late night and the other device just opened the video, maybe miss click by my finger, and boom I‚Äôve been hooked to your advice because that what I really needed to hear thank you so much.",2025-06-15T18:30:34Z,0,0,you_must_do_this_every_day_of_your_life_if_you_want_to_maximize_your_potential_never_forget_it
I love your videos!!!! Thank you for all the encourage proffessor ‚ù§love from Sweden!,2025-06-15T18:23:29Z,2,1,you_must_do_this_every_day_of_your_life_if_you_want_to_maximize_your_potential_never_forget_it
Reply: thanks man,2025-06-16T04:19:17Z,0,0,you_must_do_this_every_day_of_your_life_if_you_want_to_maximize_your_potential_never_forget_it
Thank you sir.,2025-06-15T18:06:20Z,2,1,you_must_do_this_every_day_of_your_life_if_you_want_to_maximize_your_potential_never_forget_it
Reply: Welcome!,2025-06-16T04:19:21Z,0,0,you_must_do_this_every_day_of_your_life_if_you_want_to_maximize_your_potential_never_forget_it
Can just believeing myself do something magical? is that confidence? or real confidence is built by the consistency of your work?,2025-06-15T17:24:39Z,1,0,you_must_do_this_every_day_of_your_life_if_you_want_to_maximize_your_potential_never_forget_it
Glad i got this advice. Thank you,2025-06-15T15:55:36Z,10,1,you_must_do_this_every_day_of_your_life_if_you_want_to_maximize_your_potential_never_forget_it
Reply: Welcome friend,2025-06-16T04:19:44Z,0,0,you_must_do_this_every_day_of_your_life_if_you_want_to_maximize_your_potential_never_forget_it
I always tell myself that I won&#39;t lose because I try till I win and I won&#39;t give up because I don&#39;t know how to give up.,2025-06-15T14:50:11Z,1,0,you_must_do_this_every_day_of_your_life_if_you_want_to_maximize_your_potential_never_forget_it
"What if it is not just belief, but a self-awareness of one&#39;s abilities? ü§î It seems to fit too: those who aware of they can do something, they do that more often then those who aware of their inability to do that thing. ü§∑‚Äç‚ôÇÔ∏è So it is not obvious: is it believing made them do as they are or is it just people knowing what they can and what they can&#39;t. ü§î",2025-06-15T14:22:31Z,0,2,you_must_do_this_every_day_of_your_life_if_you_want_to_maximize_your_potential_never_forget_it
"Reply: Yup similar question, what if it&#39;s about not negative or positive mindset but a rational one knowing what&#39;s doable and what&#39;s not...",2025-06-15T14:31:41Z,0,0,you_must_do_this_every_day_of_your_life_if_you_want_to_maximize_your_potential_never_forget_it
Reply: Your limiting your abilities by thinking that.,2025-06-15T15:45:30Z,0,0,you_must_do_this_every_day_of_your_life_if_you_want_to_maximize_your_potential_never_forget_it
I‚Äôm a 5th year medical student and I enjoy your videos and the concepts you share and contemplate on here,2025-06-15T14:18:36Z,2,0,you_must_do_this_every_day_of_your_life_if_you_want_to_maximize_your_potential_never_forget_it
Am an MSc Mathematics student currently.<br>Really I am always encouraged by your videos.<br>I appreciate a lot. Thank you,2025-06-15T14:02:55Z,11,0,you_must_do_this_every_day_of_your_life_if_you_want_to_maximize_your_potential_never_forget_it
"In math class I always wanted to know how they came up with the formulas ,like 3.14 did they use a rope and so on .",2025-06-15T13:55:38Z,0,0,you_must_do_this_every_day_of_your_life_if_you_want_to_maximize_your_potential_never_forget_it
"Hi sir I am living in usa , currently working in DARPA  as a scientist, your videos are good for the intellectual ones keep going sir",2025-06-15T13:41:50Z,11,0,you_must_do_this_every_day_of_your_life_if_you_want_to_maximize_your_potential_never_forget_it
"I like the dedication to the motivational vids sorcerer, somebody&#39;s gotta do it and it&#39;s better to be you than some other Andrew tate",2025-06-15T13:41:49Z,2,0,you_must_do_this_every_day_of_your_life_if_you_want_to_maximize_your_potential_never_forget_it
I really desire to be a mathematician...I believe i willüéâ‚ù§,2025-06-15T13:41:16Z,12,1,you_must_do_this_every_day_of_your_life_if_you_want_to_maximize_your_potential_never_forget_it
Reply: Heck yes,2025-06-16T04:22:00Z,4,0,you_must_do_this_every_day_of_your_life_if_you_want_to_maximize_your_potential_never_forget_it
Can you please make a video on how to become obsessed with math or anything?,2025-06-15T13:41:10Z,36,6,you_must_do_this_every_day_of_your_life_if_you_want_to_maximize_your_potential_never_forget_it
"Reply: This is it, just believe",2025-06-15T14:15:20Z,2,0,you_must_do_this_every_day_of_your_life_if_you_want_to_maximize_your_potential_never_forget_it
Reply: Form a daily habit of working on things related to you studying math if you do something everyday you will be obsessed with it. if you want to call it obsession but merely it is the anticipation your brain forms for doing the same thing everyday it‚Äôs like the habit of smoking that smokers build their brain is anticipating cigarettes just bc they‚Äôre used to smoking everyday,2025-06-15T14:21:58Z,3,0,you_must_do_this_every_day_of_your_life_if_you_want_to_maximize_your_potential_never_forget_it
"Reply: Set a goal for yourself , for example ask yourself ,how much do I want my basic salary to be? Which people earn that kind of salary?Then plan out in steps how to become the person who can earn that kind of salary. If you need to study but there are gaps in your learning, then start learning the things necessary to get that degree. Take it one day at a time and keep in mind your goal : a certain salaryscale that will allow you to do the things you like to do.This will motivate your daily study  efforts because your working to  become a person who has a higher value in the marketplace. Also don‚Äôt tell anyone what your doing.",2025-06-15T15:40:53Z,0,0,you_must_do_this_every_day_of_your_life_if_you_want_to_maximize_your_potential_never_forget_it
Reply: Belive that you can be the best. There is no other feeling like that,2025-06-15T20:00:32Z,0,0,you_must_do_this_every_day_of_your_life_if_you_want_to_maximize_your_potential_never_forget_it
"Reply: I think, that feeling of understanding something new is addictive. Especially when you can apply this new understanding to your life",2025-06-16T19:21:50Z,1,0,you_must_do_this_every_day_of_your_life_if_you_want_to_maximize_your_potential_never_forget_it
First,2025-06-15T13:40:28Z,2,0,you_must_do_this_every_day_of_your_life_if_you_want_to_maximize_your_potential_never_forget_it
&quot;FEAR will keep the systems in line.  FEAR of this battle station!&quot;<br>Grand Moff Tarkin,2025-06-16T02:44:31Z,0,0,this_is_the_worst_mistake_you_can_make_in_life_here_is_how_to_avoid_it
I&#39;m 21 now i really addicted with regretting past from 18 age to 20 age.....I got nothing ngl wasting my time on remembering xyz and regretting,2025-06-15T22:20:26Z,0,0,this_is_the_worst_mistake_you_can_make_in_life_here_is_how_to_avoid_it
Best video I&#39;ve ever seen on YouTube,2025-06-15T21:09:38Z,2,1,this_is_the_worst_mistake_you_can_make_in_life_here_is_how_to_avoid_it
Reply: Thanks man,2025-06-16T04:18:07Z,0,0,this_is_the_worst_mistake_you_can_make_in_life_here_is_how_to_avoid_it
&quot;Math is hard but life is harder&quot;üòÆ,2025-06-15T12:07:49Z,1,0,this_is_the_worst_mistake_you_can_make_in_life_here_is_how_to_avoid_it
I&#39;m your invisible student,2025-06-15T12:06:13Z,3,1,this_is_the_worst_mistake_you_can_make_in_life_here_is_how_to_avoid_it
Reply: genius,2025-06-16T01:44:20Z,0,0,this_is_the_worst_mistake_you_can_make_in_life_here_is_how_to_avoid_it
Worst mistake is to give up your deams and hopes,2025-06-15T08:22:26Z,5,1,this_is_the_worst_mistake_you_can_make_in_life_here_is_how_to_avoid_it
"Reply: Damn dude. I know what you&#39;re talking about. I once gave up completely on all my dreams. I thought that let&#39;s just forget them. Strangely enough, by body reacted as well. I became so damn weak. Like body aged a decade in a single year. My mental power plumetted HARD. I&#39;m back on track now but damn those were some hard days",2025-06-17T11:32:52Z,0,0,this_is_the_worst_mistake_you_can_make_in_life_here_is_how_to_avoid_it
jeff bezos,2025-06-15T04:57:08Z,2,0,this_is_the_worst_mistake_you_can_make_in_life_here_is_how_to_avoid_it
Could we please get a daily vlogg of how you live youre life?,2025-06-14T21:40:33Z,2,0,this_is_the_worst_mistake_you_can_make_in_life_here_is_how_to_avoid_it
‚ù§‚ù§‚ù§‚ù§‚ù§,2025-06-14T19:02:40Z,0,0,this_is_the_worst_mistake_you_can_make_in_life_here_is_how_to_avoid_it
Am I crazy or does he look like homeless Jeff Bezos,2025-06-14T18:17:23Z,4,0,this_is_the_worst_mistake_you_can_make_in_life_here_is_how_to_avoid_it
I am giving my 100 percent still I am struggling a lot with math I don&#39;t hate maths I love it but I think maths don&#39;t love me or whatever it is. Jee level math is hard man fr.,2025-06-14T17:12:24Z,8,0,this_is_the_worst_mistake_you_can_make_in_life_here_is_how_to_avoid_it
üôè ‚ù§,2025-06-14T17:02:21Z,0,0,this_is_the_worst_mistake_you_can_make_in_life_here_is_how_to_avoid_it
"im 19. In six days, I&#39;ll take the university entrance exam. I always avoided studying, and now I&#39;m suffering the consequences of the decisions I made. I wish I had been disciplined enough to study throughout the year. Now I&#39;ll waste a whole year for it again. I hope I&#39;ll learn my lesson this time.",2025-06-14T16:52:14Z,5,2,this_is_the_worst_mistake_you_can_make_in_life_here_is_how_to_avoid_it
"Reply: you are only 19. Imagine a world where you have to enlist in the military or volunteer for 3 years after high school. Then have to &quot;waste&quot; another year after to try to make it to a university you like, Then actually study for 4 years. Best of luck for you in the exam but a year of studying to enter university isn&#39;t a waste.",2025-06-15T07:38:28Z,3,0,this_is_the_worst_mistake_you_can_make_in_life_here_is_how_to_avoid_it
Reply: Yks mi bro,2025-06-16T21:05:24Z,0,0,this_is_the_worst_mistake_you_can_make_in_life_here_is_how_to_avoid_it
"Choices have consequences:  it happens to all of us.<br>Some windows of opportunity, once closed not only can&#39;t open again, but are walled-over.<br>I have a lot of decades of hills and valleys to look back on, but am grateful for where I am.<br>Regardless, there&#39;s no going back to change the &quot;woulda, coulda &amp; shouldas&quot;.<br><br>Marshalling the fortitude to transform, &quot;I always wanted to &lt;fill-in the blank&gt;.&quot; into &quot;I&#39;m &lt;fill-in the blank&gt;.&quot; is revolutionary at any age.",2025-06-14T16:33:53Z,9,1,this_is_the_worst_mistake_you_can_make_in_life_here_is_how_to_avoid_it
Reply: Described it really well,2025-06-17T20:18:57Z,0,0,this_is_the_worst_mistake_you_can_make_in_life_here_is_how_to_avoid_it
Hey..I think a beard on your face will make you even &quot;üòé&quot;ler,2025-06-14T15:48:04Z,0,0,this_is_the_worst_mistake_you_can_make_in_life_here_is_how_to_avoid_it
You&#39;re mathematically cool! üòé,2025-06-14T15:45:48Z,1,0,this_is_the_worst_mistake_you_can_make_in_life_here_is_how_to_avoid_it
Math isn‚Äôt exactly what ewe hueman$ know and/&amp;/dna perceive it as‚Ä¶ it‚Äôs setup that way on purpose for con/troll &amp; the ‚ÄúInversion incursion‚Äù‚Ä¶ ewe hueman$ should be somewhat aware üëÅÔ∏è,2025-06-14T14:51:23Z,0,0,this_is_the_worst_mistake_you_can_make_in_life_here_is_how_to_avoid_it
‚ÄúTime‚Äù is a compound word üëÅÔ∏è,2025-06-14T14:49:19Z,0,0,this_is_the_worst_mistake_you_can_make_in_life_here_is_how_to_avoid_it
You are 100% spot on,2025-06-14T14:48:17Z,1,0,this_is_the_worst_mistake_you_can_make_in_life_here_is_how_to_avoid_it
These videos help me a lot daily disciplinary motivation fr thank you sir!,2025-06-14T13:57:15Z,0,0,this_is_the_worst_mistake_you_can_make_in_life_here_is_how_to_avoid_it
"Hello sir, <br>I feel like sometimes you can not take time for yourself, just fews moments enjoying life and time in society alone or surrounded by people. Like you said that, mathematics are applicable everywhere  life is, goes on and along. Yes, life is happening always everywhere. We can live it, observe it, feel it , experience it in so many ways <br>But, there is no reason or need to observe it so deeply all the time. I mean, mathematics are vast and not just only focused on natural processes or intergrative physics, hard calculations. Sometimes, the minds needs to rest",2025-06-14T13:56:31Z,7,0,this_is_the_worst_mistake_you_can_make_in_life_here_is_how_to_avoid_it
"Thank you sorcerer, I needed this video.",2025-06-14T13:55:28Z,0,0,this_is_the_worst_mistake_you_can_make_in_life_here_is_how_to_avoid_it
"I passed an intense engineer entry course of 1 year with 3 years worth of content. I was close to giving up multiple times, but these videos helped me keep going even if it was looking pretty bad. Just wanted to say thanks for the motivation and giving me a feeling that I aint alone.",2025-06-14T13:55:13Z,27,3,this_is_the_worst_mistake_you_can_make_in_life_here_is_how_to_avoid_it
"Reply: Going through sort of a similar situation rn. I gotta say the timing of this channel often feels Immaculate, with those motivational messages and advice on how to overcome academic challenges",2025-06-15T04:29:09Z,1,0,this_is_the_worst_mistake_you_can_make_in_life_here_is_how_to_avoid_it
Reply: Same here,2025-06-15T08:49:31Z,0,0,this_is_the_worst_mistake_you_can_make_in_life_here_is_how_to_avoid_it
Reply: I passed that test without studying. Not sure how.,2025-06-16T05:45:50Z,0,0,this_is_the_worst_mistake_you_can_make_in_life_here_is_how_to_avoid_it
‚ù§‚ù§‚ù§‚ù§‚ù§,2025-06-14T13:36:57Z,1,0,this_is_the_worst_mistake_you_can_make_in_life_here_is_how_to_avoid_it
This is my motivation to pass my Discrete Math exam,2025-06-14T13:35:10Z,6,0,this_is_the_worst_mistake_you_can_make_in_life_here_is_how_to_avoid_it
Super video man,2025-06-14T13:26:34Z,6,0,this_is_the_worst_mistake_you_can_make_in_life_here_is_how_to_avoid_it
"Epic Engineering Minds <a href=""https://amzn.to/3STbarj"">https://amzn.to/3STbarj</a> (affiliate link)",2025-06-13T20:44:41Z,3,0,the_most_legendary_engineers_ever
Why there&#39;s Musk and not HeavisideüíÄ,2025-06-15T20:28:32Z,4,0,the_most_legendary_engineers_ever
What happened dude? üò¢,2025-06-15T19:20:47Z,4,0,the_most_legendary_engineers_ever
Stop making this content,2025-06-14T20:42:32Z,12,1,the_most_legendary_engineers_ever
"Reply: Don&#39;t know what the beef is about as I just pass by, but who do you think you are to tell people what to do? To the creator. Do whatever you like, you are not their servant. God bless.",2025-06-15T10:17:32Z,0,0,the_most_legendary_engineers_ever
i was once a big fan of this channel but selling chatgpt written books without a disclaimer made this channel loose all its authenticity. breaks my heart,2025-06-14T10:36:59Z,52,6,the_most_legendary_engineers_ever
Reply: Source?,2025-06-14T14:49:35Z,0,0,the_most_legendary_engineers_ever
"Reply: @@yeager7183 just read the few pages he shows on vid, you&#39;ll understand",2025-06-14T17:26:41Z,0,0,the_most_legendary_engineers_ever
Reply: Where did you learn this?,2025-06-14T20:03:28Z,0,0,the_most_legendary_engineers_ever
"Reply: Yeah, agree with you, I don&#39;t know how people can&#39;t see it.",2025-06-14T20:34:21Z,3,0,the_most_legendary_engineers_ever
Reply: same,2025-06-14T22:22:20Z,0,0,the_most_legendary_engineers_ever
Sorry but these are not the best choices for engineers.,2025-06-14T09:54:25Z,6,0,the_most_legendary_engineers_ever
First,2025-06-14T09:30:31Z,1,0,the_most_legendary_engineers_ever
"Born to dilly dally, forced to lock in. I have to put away my comically large lollipop and a propeller hat and pick up a math book instead.",2025-06-17T20:34:03Z,0,0,lock_in_learn_math_become_a_genius
I am definitely passing my calculus exams üôèüèΩü§ç,2025-06-15T21:52:50Z,3,1,lock_in_learn_math_become_a_genius
Reply: Awesome,2025-06-16T04:17:56Z,0,0,lock_in_learn_math_become_a_genius
‚ù§‚ù§‚ù§‚ù§‚ù§,2025-06-14T13:21:21Z,0,0,lock_in_learn_math_become_a_genius
One simple question what would be the best approach to read your physics/maths book?,2025-06-14T11:17:02Z,3,0,lock_in_learn_math_become_a_genius
Suggest me the best book for category theory,2025-06-14T08:02:49Z,1,0,lock_in_learn_math_become_a_genius
I study math problems as puzzle games the way it is effective and fun way to learn.,2025-06-14T07:19:52Z,0,0,lock_in_learn_math_become_a_genius
"For tests, I go through all the class examples and notes first, then the textbook examples without preparation. Once done, I move on to past year papers and make sure to take plenty of tests before the actual exam.",2025-06-14T06:23:52Z,2,0,lock_in_learn_math_become_a_genius
"Sir , ‚ù§ from India. Thank you for your advice ‚ù§üéâ",2025-06-14T05:32:56Z,1,0,lock_in_learn_math_become_a_genius
Active recall method hardest but its best for learning üòÑ,2025-06-14T01:54:04Z,1,0,lock_in_learn_math_become_a_genius
‚ù§‚ù§‚ù§‚ù§‚ù§,2025-06-14T01:18:23Z,0,0,lock_in_learn_math_become_a_genius
&quot;You are that one rare mathematics lecture and role model&quot;.,2025-06-13T21:18:33Z,9,0,lock_in_learn_math_become_a_genius
"Thank You Sir, Really Grateful For Your Help",2025-06-13T20:53:28Z,4,0,lock_in_learn_math_become_a_genius
Thank you for that tip,2025-06-13T20:42:40Z,2,0,lock_in_learn_math_become_a_genius
"<a href=""http://www.youtube.com/results?search_query=%23first"">#First</a>",2025-06-13T20:40:52Z,2,0,lock_in_learn_math_become_a_genius
Unc with the diabolical camera angle,2025-06-17T20:20:49Z,0,0,get_good_at_math_physics_cs_or_anything_else_in_life
"I cant help but notice the grammatical mistake in the caption.. and the meaning is kinda distorted, for it menas so arrogant..:)",2025-06-17T18:17:58Z,0,0,get_good_at_math_physics_cs_or_anything_else_in_life
Beff Jezos got some real advice.,2025-06-17T18:15:53Z,0,0,get_good_at_math_physics_cs_or_anything_else_in_life
Of course this guy has his math courses in the description + affiliate links lmao,2025-06-17T17:58:11Z,0,0,get_good_at_math_physics_cs_or_anything_else_in_life
Loves math. But still it cooks me idk why ü•∫,2025-06-17T17:54:31Z,0,0,get_good_at_math_physics_cs_or_anything_else_in_life
Sorcerer use your magic . You are growing older and im growing bigger üò¢ pls i want to learn numerical not alphabets in maths. Integration was really hard for me. I got cooked. Pls reverse time,2025-06-17T17:54:09Z,1,0,get_good_at_math_physics_cs_or_anything_else_in_life
"Thank you so much. This is what I needed to hear. This instilled a sense of drive in me. I&#39;m going to practice hard, without wasting any time, knowing that one day, I&#39;ll become an expert.",2025-06-17T15:48:22Z,0,0,get_good_at_math_physics_cs_or_anything_else_in_life
Left no stone unturned.,2025-06-17T15:18:46Z,0,0,get_good_at_math_physics_cs_or_anything_else_in_life
Clear and to the point advice ‚ù§,2025-06-17T15:10:26Z,0,0,get_good_at_math_physics_cs_or_anything_else_in_life
"If I&#39;m the smartest person in a room, <br>There&#39;s only one person in the room..",2025-06-17T15:05:30Z,4,0,get_good_at_math_physics_cs_or_anything_else_in_life
Jeff Bezos from Amazon big billions day offer,2025-06-17T14:46:38Z,0,0,get_good_at_math_physics_cs_or_anything_else_in_life
Jeff Bezos really need to go out and get tan. He looking wierd.,2025-06-17T13:58:49Z,2,0,get_good_at_math_physics_cs_or_anything_else_in_life
Very Jeff Bezos looking.,2025-06-17T13:58:02Z,1,0,get_good_at_math_physics_cs_or_anything_else_in_life
Thanks for another constructive video.,2025-06-17T13:46:40Z,0,0,get_good_at_math_physics_cs_or_anything_else_in_life
Is this guy related to Bezos,2025-06-17T12:28:20Z,0,0,get_good_at_math_physics_cs_or_anything_else_in_life
im realy good at roblox,2025-06-17T12:14:12Z,0,0,get_good_at_math_physics_cs_or_anything_else_in_life
How&#39;s the business going on Jeff Bezos ?,2025-06-17T12:11:31Z,2,0,get_good_at_math_physics_cs_or_anything_else_in_life
Thank you professor Bezos üôÇ,2025-06-17T11:42:53Z,1,0,get_good_at_math_physics_cs_or_anything_else_in_life
This guy looks like Jeff Bezos,2025-06-17T11:14:02Z,0,0,get_good_at_math_physics_cs_or_anything_else_in_life
You look like how jeff bezos would look like without all those surgeries,2025-06-17T10:56:53Z,0,0,get_good_at_math_physics_cs_or_anything_else_in_life
Practice makes perfect!,2025-06-17T10:29:40Z,0,0,get_good_at_math_physics_cs_or_anything_else_in_life
"Thank you so much, this is the answer I&#39;ve been looking",2025-06-17T10:25:20Z,0,0,get_good_at_math_physics_cs_or_anything_else_in_life
Will overcome my disability to learn things and progress in life,2025-06-17T09:59:09Z,0,0,get_good_at_math_physics_cs_or_anything_else_in_life
I know you!,2025-06-17T09:57:35Z,1,0,get_good_at_math_physics_cs_or_anything_else_in_life
I&#39;ve been working for 6 months as a front-end developer I still have the imposter syndrome like everybody else I&#39;ve practiced a lot and looked to other peoples code but still struggling even with the simplest concepts I really wanna become better,2025-06-17T09:49:38Z,0,0,get_good_at_math_physics_cs_or_anything_else_in_life
"No. Well you&#39;re not completely wrong but close to the answer. It&#39;s like asking what&#39;s the best tool to build a house, you have to use all of them.",2025-06-17T09:30:35Z,0,0,get_good_at_math_physics_cs_or_anything_else_in_life
Jeff bezos?,2025-06-17T09:18:49Z,0,0,get_good_at_math_physics_cs_or_anything_else_in_life
Idk why but you are looking like lite version of Jeff bezos,2025-06-17T08:41:35Z,0,0,get_good_at_math_physics_cs_or_anything_else_in_life
"Honesty, Practice, Consistency, Patience",2025-06-17T08:32:55Z,3,0,get_good_at_math_physics_cs_or_anything_else_in_life
Brother is this White Naval,2025-06-17T07:52:40Z,0,0,get_good_at_math_physics_cs_or_anything_else_in_life
Jeff bezos after geeting 200 iq,2025-06-17T07:26:38Z,0,0,get_good_at_math_physics_cs_or_anything_else_in_life
do it,2025-06-17T07:10:50Z,0,0,get_good_at_math_physics_cs_or_anything_else_in_life
Great points ..but you low key look like Jeff Bezos or am I losing it?üòÖ,2025-06-17T06:05:36Z,0,0,get_good_at_math_physics_cs_or_anything_else_in_life
How to focus on one skill and then learn it and I am facing problems because of lack of focus?,2025-06-17T05:44:59Z,0,0,get_good_at_math_physics_cs_or_anything_else_in_life
"Jeff Bezos, what are you doing here ?",2025-06-17T04:19:59Z,0,0,get_good_at_math_physics_cs_or_anything_else_in_life
You look like Jeff Bezos,2025-06-17T04:18:11Z,0,0,get_good_at_math_physics_cs_or_anything_else_in_life
Jeff bezos son,2025-06-17T04:07:10Z,0,0,get_good_at_math_physics_cs_or_anything_else_in_life
How do I get better at math and cs? Is there any course I can take preferrably for free and that teaches me in demand skills to get a good job?,2025-06-17T02:52:43Z,0,0,get_good_at_math_physics_cs_or_anything_else_in_life
Alhamdulillah. I am glad that I found your channel long time ago. You have been a very good motivator. I am currently learning Computer Science to get a I.T job.,2025-06-17T02:33:40Z,0,0,get_good_at_math_physics_cs_or_anything_else_in_life
Thought is Jeff Bezos for a minute,2025-06-17T01:38:57Z,0,0,get_good_at_math_physics_cs_or_anything_else_in_life
No lie said here.,2025-06-16T23:37:05Z,0,0,get_good_at_math_physics_cs_or_anything_else_in_life
You got good at looking like Jeff Bezos,2025-06-16T23:24:33Z,1,0,get_good_at_math_physics_cs_or_anything_else_in_life
BEZOOOSSSSS,2025-06-16T23:22:13Z,0,0,get_good_at_math_physics_cs_or_anything_else_in_life
too close to the screen buddy,2025-06-16T22:23:55Z,0,0,get_good_at_math_physics_cs_or_anything_else_in_life
"That&#39;s soo true. After years of practice, I finally gotten rid of my ED",2025-06-16T22:09:02Z,2,0,get_good_at_math_physics_cs_or_anything_else_in_life
"I&#39;m 21 y/o and I wasted ~5 years of my life of doing basically nothing. People that had the same story as me commonly tell about, for example, playing videogames all night long and stuff like that, but I didn&#39;t really do that stuff. I even played the same boring stuff without any progress and moreover any satisfaction whatsoever. The better news is that I somehow managed to quit from shackles of such awful condition and started actually doing things, like sports or learning programming because I always felt like I can be good at that. Reason behind such change? Basically none, except for having enough of feeling that life just goes down the drain despite having opportunities of doing better.",2025-06-16T20:57:37Z,3,0,get_good_at_math_physics_cs_or_anything_else_in_life
Amazon prime scks! Give better deals!,2025-06-16T19:50:35Z,0,0,get_good_at_math_physics_cs_or_anything_else_in_life
"My precious &quot;MATH&quot;üòÇ. Lol, jk. Good advice in todays world",2025-06-16T19:22:21Z,0,0,get_good_at_math_physics_cs_or_anything_else_in_life
Jeff bezos alt?,2025-06-16T18:34:43Z,0,0,get_good_at_math_physics_cs_or_anything_else_in_life
im going to live by thisss,2025-06-16T17:41:40Z,0,0,get_good_at_math_physics_cs_or_anything_else_in_life
tysm jeff bezos,2025-06-16T17:09:45Z,0,0,get_good_at_math_physics_cs_or_anything_else_in_life
Jeff Bezos if he would have became a theoretical physicist üë©üèª‚Äçüè´,2025-06-16T16:48:11Z,0,0,get_good_at_math_physics_cs_or_anything_else_in_life
Why does he looks like Mark Zuckerberg,2025-06-16T16:37:59Z,1,0,get_good_at_math_physics_cs_or_anything_else_in_life
thanks man!,2025-06-16T15:28:13Z,0,0,get_good_at_math_physics_cs_or_anything_else_in_life
jeff bezos ?,2025-06-16T15:26:12Z,0,0,get_good_at_math_physics_cs_or_anything_else_in_life
Jaff bajash üòÇ,2025-06-16T15:24:42Z,0,0,get_good_at_math_physics_cs_or_anything_else_in_life
True,2025-06-16T13:56:15Z,0,0,get_good_at_math_physics_cs_or_anything_else_in_life
I used to had hard time with math <br>Even if i practice i always forget it,2025-06-16T13:15:10Z,0,0,get_good_at_math_physics_cs_or_anything_else_in_life
Jeff Bezos&#39;s double,2025-06-16T13:14:19Z,1,0,get_good_at_math_physics_cs_or_anything_else_in_life
"I am great at Counter Strike, I used to dominate in CS:GO. CS2 though? Absolute bullsh*t. The aim feels floaty and the sub-tick system is lying to my face. It‚Äôs like they patched the soul out of it.",2025-06-16T12:42:39Z,1,0,get_good_at_math_physics_cs_or_anything_else_in_life
"How unexpected! This video just pop out on my recommendation when im on my break in learning VBA. Okay, i will close this youtube and start to learn VBA again. Thanks anyway üòÖ",2025-06-16T12:23:29Z,0,0,get_good_at_math_physics_cs_or_anything_else_in_life
Is that Jeff Bezos üòÇ,2025-06-16T11:47:02Z,1,0,get_good_at_math_physics_cs_or_anything_else_in_life
"What happens when you put a lot of time and effort into getting really good at something, and then, a few years later, it transpires that that skill or art you&#39;re now really good at is no longer needed by the rest of the world?",2025-06-16T11:17:14Z,0,0,get_good_at_math_physics_cs_or_anything_else_in_life
I saw that thumbnail and I immediately knew this guy 100% really did master math,2025-06-16T11:17:06Z,38,2,get_good_at_math_physics_cs_or_anything_else_in_life
Reply: Lol,2025-06-16T14:33:20Z,0,0,get_good_at_math_physics_cs_or_anything_else_in_life
Reply: Jeff Bezos&#39; brother,2025-06-17T05:59:32Z,4,0,get_good_at_math_physics_cs_or_anything_else_in_life
You look like Jeff Bezos,2025-06-16T11:14:53Z,2,0,get_good_at_math_physics_cs_or_anything_else_in_life
"If you get what you want from life fame, Money, Physique anything that is then and only then you are a smart person",2025-06-16T10:45:08Z,1,0,get_good_at_math_physics_cs_or_anything_else_in_life
Thank you Jeff Bezos&#39; brother,2025-06-16T10:33:14Z,2,0,get_good_at_math_physics_cs_or_anything_else_in_life
Jeff  &quot;no tan&quot; bezos,2025-06-16T10:14:02Z,1,0,get_good_at_math_physics_cs_or_anything_else_in_life
Albino Jeff Bezos,2025-06-16T09:31:44Z,2,0,get_good_at_math_physics_cs_or_anything_else_in_life
Why it seems that video is uploaded 13 years ago (from thumbnail),2025-06-16T08:59:14Z,1,0,get_good_at_math_physics_cs_or_anything_else_in_life
Sir you look like Jeff bezos üòÖ.,2025-06-16T08:45:35Z,2,0,get_good_at_math_physics_cs_or_anything_else_in_life
Thanks for the advice Mr Bezos.,2025-06-16T07:06:08Z,0,0,get_good_at_math_physics_cs_or_anything_else_in_life
"If you are young I would focus on getting good at stuff later in life, unless it&#39;s like a group skill. Like I did computer science and it was extremely lonely. I would probably do something else with your spare time like build friends and connections cause it&#39;s way harder",2025-06-16T06:57:07Z,0,0,get_good_at_math_physics_cs_or_anything_else_in_life
Thank you Jeff Bezos,2025-06-16T06:14:05Z,0,0,get_good_at_math_physics_cs_or_anything_else_in_life
how about sipping lean?,2025-06-16T06:02:21Z,0,0,get_good_at_math_physics_cs_or_anything_else_in_life
Is he jeff bezoz,2025-06-16T05:45:51Z,0,0,get_good_at_math_physics_cs_or_anything_else_in_life
"Great and positive content always. Keep up your good work, Sir. Huge respects.",2025-06-16T05:26:30Z,0,0,get_good_at_math_physics_cs_or_anything_else_in_life
"Please hold the camera closer, I couldn&#39;t see your face clearly enough.",2025-06-16T05:15:41Z,0,0,get_good_at_math_physics_cs_or_anything_else_in_life
"&quot;We are what we repeatedly do. Excellence, then, is not an act, but a habit.&quot; -Aristotle<br><br>&quot;You can only fight the way you practice.&quot; -Musashi",2025-06-16T04:45:01Z,8,1,get_good_at_math_physics_cs_or_anything_else_in_life
Reply: right on bro,2025-06-17T07:12:18Z,0,0,get_good_at_math_physics_cs_or_anything_else_in_life
"Thank you for your message, sir.",2025-06-16T04:29:41Z,0,0,get_good_at_math_physics_cs_or_anything_else_in_life
Valuable advice üôÇ,2025-06-16T03:46:11Z,2,2,get_good_at_math_physics_cs_or_anything_else_in_life
Reply: Thank you my friend.,2025-06-16T04:16:17Z,2,0,get_good_at_math_physics_cs_or_anything_else_in_life
Reply: ‚Äã@@TheMathSorcererWelcome üòä,2025-06-16T04:18:39Z,0,0,get_good_at_math_physics_cs_or_anything_else_in_life
you&#39;re scary,2025-06-16T03:26:57Z,1,1,get_good_at_math_physics_cs_or_anything_else_in_life
"Reply: Thanks, I think lol.",2025-06-16T04:16:43Z,0,0,get_good_at_math_physics_cs_or_anything_else_in_life
Mark suckerberg,2025-06-16T02:16:45Z,0,0,get_good_at_math_physics_cs_or_anything_else_in_life
"Many years ago, I had a teacher who told the class that &quot;study is the application of the seat of the pants to the seat of the chair&quot;. Just as true now as ever, I think.",2025-06-16T00:48:49Z,0,0,get_good_at_math_physics_cs_or_anything_else_in_life
üôåüôåüôå,2025-06-16T00:10:28Z,1,0,get_good_at_math_physics_cs_or_anything_else_in_life
Eso es verdad,2025-06-15T22:24:01Z,1,1,get_good_at_math_physics_cs_or_anything_else_in_life
Reply: Si es verdad,2025-06-16T04:17:48Z,1,0,get_good_at_math_physics_cs_or_anything_else_in_life
TRUE,2025-06-15T21:23:45Z,1,1,get_good_at_math_physics_cs_or_anything_else_in_life
Reply: Yes,2025-06-16T04:18:02Z,1,0,get_good_at_math_physics_cs_or_anything_else_in_life
"simple yet precise and actually practical and logical answer<br><br>the point you said practice it though we might know it already , it hit hard<br><br>nice video<br>thanksü§ù",2025-06-15T20:54:10Z,0,0,get_good_at_math_physics_cs_or_anything_else_in_life
When the richest person on planet tell you something better listen,2025-06-15T20:36:29Z,4,0,get_good_at_math_physics_cs_or_anything_else_in_life
Practice makes perfect! This was the title of my English book!,2025-06-15T20:05:38Z,7,0,get_good_at_math_physics_cs_or_anything_else_in_life
Recently decided to make a complete 180 and try to pursue a career in illustration after studying STEM for some time. Have a feeling I&#39;ll still be visiting this channel from time to time üëç,2025-06-15T19:51:09Z,7,0,get_good_at_math_physics_cs_or_anything_else_in_life
Jeff Bezos&#39; long lost brother.,2025-06-15T19:18:52Z,1,1,get_good_at_math_physics_cs_or_anything_else_in_life
Reply: Maybe lol,2025-06-16T04:18:59Z,0,0,get_good_at_math_physics_cs_or_anything_else_in_life
Jeff Bezos without money,2025-06-15T18:44:11Z,1,1,get_good_at_math_physics_cs_or_anything_else_in_life
Reply: LOL,2025-06-16T04:19:10Z,0,0,get_good_at_math_physics_cs_or_anything_else_in_life
"&quot;Sea bueno en matem√°ticas, f√≠sica, inform√°tica o CUALQUIER otra cosa en la vida&quot;<br>Cualquier cosa excepto hacer miniatura para tus videos",2025-06-15T18:19:19Z,0,0,get_good_at_math_physics_cs_or_anything_else_in_life
Thanks Jeff Bezos for the advice !,2025-06-15T17:09:25Z,2,1,get_good_at_math_physics_cs_or_anything_else_in_life
Reply: Thanks for being a prime customer,2025-06-16T04:19:34Z,1,0,get_good_at_math_physics_cs_or_anything_else_in_life
Finally jeff bezos with some banger.,2025-06-15T15:35:35Z,139,5,get_good_at_math_physics_cs_or_anything_else_in_life
Reply: Thanks for being a prime customer,2025-06-16T04:19:54Z,50,0,get_good_at_math_physics_cs_or_anything_else_in_life
Reply: üòÇüòÇüòÇ‚Äã@@TheMathSorcerer,2025-06-16T06:41:00Z,5,0,get_good_at_math_physics_cs_or_anything_else_in_life
"Reply: lol, intially i also thought it was bezos",2025-06-16T06:54:38Z,10,0,get_good_at_math_physics_cs_or_anything_else_in_life
Reply: Thats what i thought yaay,2025-06-17T13:26:17Z,0,0,get_good_at_math_physics_cs_or_anything_else_in_life
Reply: üòÖüòÖüòÖüòÖ,2025-06-17T14:08:06Z,0,0,get_good_at_math_physics_cs_or_anything_else_in_life
"Wait, how does he look like Bezos and Zuckerberg mixed together?",2025-06-15T14:26:59Z,13,2,get_good_at_math_physics_cs_or_anything_else_in_life
Reply: LOL,2025-06-16T04:20:14Z,0,0,get_good_at_math_physics_cs_or_anything_else_in_life
Reply: Bezos&#39; face cut and zuckerberg&#39;s skin tone,2025-06-16T06:55:41Z,0,0,get_good_at_math_physics_cs_or_anything_else_in_life
"One of the most useful skills in life is learning how to use your intuition properly.<br><br>Avoiding scams, avoiding ideological predation, and above all else avoiding the same pitfalls that most people do",2025-06-15T14:12:51Z,110,5,get_good_at_math_physics_cs_or_anything_else_in_life
"Reply: Intuition beats intellect every time, you speak truth",2025-06-16T04:21:23Z,24,0,get_good_at_math_physics_cs_or_anything_else_in_life
Reply: Basically avoiding people and cheap conversations 99% of people have.,2025-06-16T11:26:48Z,1,0,get_good_at_math_physics_cs_or_anything_else_in_life
Reply: What do you mean by ‚Äúideological predation‚Äù? ü§î,2025-06-16T12:56:02Z,0,0,get_good_at_math_physics_cs_or_anything_else_in_life
Reply: @@intello8953 MAGA and TDS cults I suppose; though that&#39;s only the most obvious at the moment.,2025-06-16T15:47:21Z,0,0,get_good_at_math_physics_cs_or_anything_else_in_life
Reply: Can u guide me on how to do that? Or at least point me in some direction? I never heard abt enhancing ur intuition before?,2025-06-17T04:51:25Z,0,0,get_good_at_math_physics_cs_or_anything_else_in_life
üëç,2025-06-15T14:06:47Z,1,0,get_good_at_math_physics_cs_or_anything_else_in_life
"Thank you sorcerer, I&#39;ll practice my spell casting right now, just to be as good as you.",2025-06-15T13:49:42Z,1,1,get_good_at_math_physics_cs_or_anything_else_in_life
Reply: Magic rules,2025-06-16T04:21:47Z,1,0,get_good_at_math_physics_cs_or_anything_else_in_life
"I have an exam coming this Tuesday and although I&#39;ve been studying, today I&#39;ve been having doubts about myself and if I know how to do the exercises and then procrastinating a bit, which feeds athe doubts and enhances the negative lopp.<br>Thank you for the video. I will now close everything and lock in.<br><br>I hope you have a beautiful day!<br>Let&#39;s go, let&#39;s keep going!",2025-06-15T13:36:32Z,2,0,get_good_at_math_physics_cs_or_anything_else_in_life
"Jeff b-eazy, OS. =/",2025-06-15T12:49:33Z,1,0,get_good_at_math_physics_cs_or_anything_else_in_life
Right,2025-06-15T12:45:19Z,2,0,get_good_at_math_physics_cs_or_anything_else_in_life
Jeff bezos ??,2025-06-15T12:34:45Z,1,0,get_good_at_math_physics_cs_or_anything_else_in_life
Thank you Jeff Bezos,2025-06-15T12:09:59Z,1,1,get_good_at_math_physics_cs_or_anything_else_in_life
Reply: thx for being a prime customer,2025-06-16T04:25:46Z,0,0,get_good_at_math_physics_cs_or_anything_else_in_life
Jeff bezos if he continued studying physics,2025-06-15T12:02:04Z,1,1,get_good_at_math_physics_cs_or_anything_else_in_life
Reply: thx for being a prime customer,2025-06-16T04:26:00Z,2,0,get_good_at_math_physics_cs_or_anything_else_in_life
CS = CounterStrike? 1.6?,2025-06-15T11:29:51Z,0,0,get_good_at_math_physics_cs_or_anything_else_in_life
love you sir.,2025-06-15T10:06:51Z,1,0,get_good_at_math_physics_cs_or_anything_else_in_life
@TheMathSorcerer have you seen CityTutoringMath? I think its an excellent channel,2025-06-15T08:45:05Z,2,0,get_good_at_math_physics_cs_or_anything_else_in_life
Based. There are no &quot;different learning styles&quot; that people have. We are all kinesthetic learners.,2025-06-15T07:59:59Z,0,0,get_good_at_math_physics_cs_or_anything_else_in_life
Skilltrees,2025-06-15T07:21:40Z,0,0,get_good_at_math_physics_cs_or_anything_else_in_life
Jeff bezoz is that you,2025-06-15T05:12:48Z,2,0,get_good_at_math_physics_cs_or_anything_else_in_life
Hey there I&#39;m preparing for an entrance exam and struggling with the maths because of the pattern and less time .... Any advices,2025-06-15T04:43:35Z,0,0,get_good_at_math_physics_cs_or_anything_else_in_life
Thanks you for the advise üëç,2025-06-15T03:58:45Z,0,0,get_good_at_math_physics_cs_or_anything_else_in_life
stay hard,2025-06-15T02:42:38Z,1,1,get_good_at_math_physics_cs_or_anything_else_in_life
Reply: absolutely,2025-06-16T04:26:42Z,0,0,get_good_at_math_physics_cs_or_anything_else_in_life
ALLEN IVERSON.,2025-06-14T23:10:07Z,0,0,get_good_at_math_physics_cs_or_anything_else_in_life
&lt;3,2025-06-14T19:12:15Z,1,0,get_good_at_math_physics_cs_or_anything_else_in_life
Sir are you jeff bezos&#39; somebody?,2025-06-14T17:58:28Z,2,0,get_good_at_math_physics_cs_or_anything_else_in_life
"&quot;Practice, practice, practice&quot; is a fun phrase",2025-06-14T15:10:01Z,50,3,get_good_at_math_physics_cs_or_anything_else_in_life
Reply: How?,2025-06-15T07:09:50Z,0,0,get_good_at_math_physics_cs_or_anything_else_in_life
Reply: ‚Äã@@AmanTiwari_52It&#39;s catchy and efficient,2025-06-15T17:22:37Z,0,0,get_good_at_math_physics_cs_or_anything_else_in_life
Reply: how can you say that,2025-06-16T06:53:21Z,0,0,get_good_at_math_physics_cs_or_anything_else_in_life
YES SIR!,2025-06-14T14:36:04Z,1,0,get_good_at_math_physics_cs_or_anything_else_in_life
Thanks for the motivation üéâ,2025-06-14T09:10:08Z,2,0,get_good_at_math_physics_cs_or_anything_else_in_life
thank you sir,2025-06-14T08:57:59Z,1,0,get_good_at_math_physics_cs_or_anything_else_in_life
"Summer last year you posted a video that said that it actually only requires 2 weeks to get good. Happy to say, that is 100% true and I started getting rank 1 in my coaching centre. This time too your point holds true and I got good at physics and maths.",2025-06-14T08:41:24Z,76,5,get_good_at_math_physics_cs_or_anything_else_in_life
Reply: Jee??,2025-06-15T06:57:01Z,2,0,get_good_at_math_physics_cs_or_anything_else_in_life
Reply: Great great great keep going,2025-06-15T07:10:17Z,0,0,get_good_at_math_physics_cs_or_anything_else_in_life
Reply: jee ???,2025-06-16T08:17:57Z,0,0,get_good_at_math_physics_cs_or_anything_else_in_life
Reply: Keep it up dude,2025-06-16T18:54:21Z,0,0,get_good_at_math_physics_cs_or_anything_else_in_life
Reply: JEE?? Allen?,2025-06-17T07:55:14Z,0,0,get_good_at_math_physics_cs_or_anything_else_in_life
ich glaube das ist der krampf des Tages,2025-06-14T08:07:34Z,0,0,get_good_at_math_physics_cs_or_anything_else_in_life
Thnx you,2025-06-14T07:12:40Z,2,0,get_good_at_math_physics_cs_or_anything_else_in_life
Thank you,2025-06-14T00:44:41Z,1,0,get_good_at_math_physics_cs_or_anything_else_in_life
You are a scammer,2025-06-13T17:04:19Z,1,0,get_good_at_math_physics_cs_or_anything_else_in_life
You look like Jeff Bezos.,2025-06-13T13:49:39Z,2,0,get_good_at_math_physics_cs_or_anything_else_in_life
thank you,2025-06-13T12:04:29Z,2,0,get_good_at_math_physics_cs_or_anything_else_in_life
I want to get good at sleeping(seriously),2025-06-13T08:05:11Z,10,2,get_good_at_math_physics_cs_or_anything_else_in_life
Reply: Why what happened,2025-06-15T07:09:16Z,0,0,get_good_at_math_physics_cs_or_anything_else_in_life
Reply: ever heard of a guy named Bryan Johnson? <br><br>heard he&#39;s pretty good at that ;),2025-06-15T17:41:09Z,0,0,get_good_at_math_physics_cs_or_anything_else_in_life
You&#39;re right,2025-06-13T08:00:43Z,1,0,get_good_at_math_physics_cs_or_anything_else_in_life
Your wisdom is so comforting sir‚ù§,2025-06-13T06:50:54Z,1,0,get_good_at_math_physics_cs_or_anything_else_in_life
"For a second, I thought you were Jeff Bezos",2025-06-13T06:11:38Z,2,0,get_good_at_math_physics_cs_or_anything_else_in_life
Say it with me....L O T I O N,2025-06-13T04:14:08Z,1,0,get_good_at_math_physics_cs_or_anything_else_in_life
"How do i start learning maths? Calculas, algebra what should i do first?",2025-06-13T03:41:53Z,0,4,get_good_at_math_physics_cs_or_anything_else_in_life
"Reply: To start,  you have to see what level of math you are at. I started from the basics of math in community college with pre-algebra to understand the concepts. This prepared me to take college algebra, trigonometry, pre-calculus, and then Calculus 1",2025-06-13T05:57:24Z,3,0,get_good_at_math_physics_cs_or_anything_else_in_life
"Reply: From where I can learn basic maths , I knew many things long ago but now everything is rusted‚Äã@@liluzi131",2025-06-13T15:11:49Z,0,0,get_good_at_math_physics_cs_or_anything_else_in_life
"Reply: Khan academy, youtube courses‚Äã@@Alokgod_1",2025-06-14T19:30:47Z,0,0,get_good_at_math_physics_cs_or_anything_else_in_life
"Reply: Get a book for your level and start with the concepts and familiarise yourself with therories and concepts you would have forgetten, or ones you didn&#39;t know. And most importantly do many practice questions",2025-06-15T10:41:22Z,2,0,get_good_at_math_physics_cs_or_anything_else_in_life
What if was a &quot;overloooked&quot; gifted kid(around 130-140iq) who was good at many things probably some autism. But ended up being good a nothing specific? hahaha,2025-06-13T02:11:00Z,0,0,get_good_at_math_physics_cs_or_anything_else_in_life
thank you for the advice! much needed,2025-06-13T00:56:49Z,2,0,get_good_at_math_physics_cs_or_anything_else_in_life
I made it from pre algebra to cal 2 in community college,2025-06-13T00:49:12Z,84,7,get_good_at_math_physics_cs_or_anything_else_in_life
Reply: Nice job üëç üí™üí™,2025-06-16T07:16:42Z,5,0,get_good_at_math_physics_cs_or_anything_else_in_life
Reply: Great work!!,2025-06-16T12:02:20Z,1,0,get_good_at_math_physics_cs_or_anything_else_in_life
Reply: Calculus II and above is where things actually get harder. So be prepared and don&#39;t ever hesitate to ask questions.,2025-06-16T15:26:04Z,0,0,get_good_at_math_physics_cs_or_anything_else_in_life
Reply: How,2025-06-17T02:52:56Z,1,0,get_good_at_math_physics_cs_or_anything_else_in_life
"Reply: @@ThatGuy68580My math journey began after passing Pre-Algebra. It then involved taking Intermediate Algebra three times, followed by College Algebra and Trigonometry. I earned my lab technician degree and then took a break after the pandemic. Upon returning to college, I took Pre-Calculus a second time before passing Calculus 1.",2025-06-17T03:27:29Z,0,0,get_good_at_math_physics_cs_or_anything_else_in_life
"I apply what you saying to options trading. Since I&#39;m older, math won&#39;t bring me money, so I needed to find something I&#39;m good at that will and luckily that happens to be trading. I&#39;m making great progress, but I still have a long way to go because I procrastinate too much lol. Anyway, keep up the great videos.",2025-06-13T00:16:55Z,0,0,get_good_at_math_physics_cs_or_anything_else_in_life
&quot;The one who learns and learns and doesn&#39;t practice is like the one who plows and plows and never plants&quot;.<br><br>‚ÄîPlato,2025-06-12T23:46:04Z,394,6,get_good_at_math_physics_cs_or_anything_else_in_life
Reply: I&#39;m  that one person üò¢,2025-06-14T07:12:02Z,4,0,get_good_at_math_physics_cs_or_anything_else_in_life
Reply: I will practice from. Now,2025-06-14T07:12:17Z,3,0,get_good_at_math_physics_cs_or_anything_else_in_life
"Reply: Hot damn, I&#39;ve never heard this and it&#39;s one of the most prescient things I&#39;ve ever heard.",2025-06-15T21:07:15Z,4,0,get_good_at_math_physics_cs_or_anything_else_in_life
Reply: oh fuck üòÆüòÆ damn Right,2025-06-17T07:10:36Z,0,0,get_good_at_math_physics_cs_or_anything_else_in_life
Reply: That&#39;s an incredible quote,2025-06-17T11:54:00Z,0,0,get_good_at_math_physics_cs_or_anything_else_in_life
Genetics and/or early training.  I‚Äôm bad at everything,2025-06-12T22:46:45Z,0,0,get_good_at_math_physics_cs_or_anything_else_in_life
Genetics and/or early training.  I‚Äôm bad at everything,2025-06-12T22:45:24Z,7,2,get_good_at_math_physics_cs_or_anything_else_in_life
Reply: Do you really think that?,2025-06-14T16:06:22Z,5,0,get_good_at_math_physics_cs_or_anything_else_in_life
"Reply: All the more reason to fight against the limits fate has set apon you, come on it doesn&#39;t matter if you&#39;re special or not, just push one everyday no matter what",2025-06-15T02:38:48Z,3,0,get_good_at_math_physics_cs_or_anything_else_in_life
You are wonderful!,2025-06-12T22:42:32Z,0,0,get_good_at_math_physics_cs_or_anything_else_in_life
Man you look just like Jeff Bezos wtf lol,2025-06-12T22:04:11Z,1,0,get_good_at_math_physics_cs_or_anything_else_in_life
Bro if you only knew you wouldn‚Äôt be posting this and showing up on my feed trying to inspire or guilt me about my current competency üòÇ,2025-06-12T20:45:50Z,0,0,get_good_at_math_physics_cs_or_anything_else_in_life
"if cs means counter strike i just want to say that i somehow thought that its what determines how skilled you are and tried to practise getting better at it, but now i think it was such waste of especially part when i thought i need to practise for it even i guess i still had some fun playing it. But overall if you play it i would say dont try to get good at it just play to relax now i just play it for that but pretty rarely.",2025-06-12T20:07:05Z,0,1,get_good_at_math_physics_cs_or_anything_else_in_life
Reply: Computer Science.,2025-06-12T20:38:58Z,1,0,get_good_at_math_physics_cs_or_anything_else_in_life
Thanks Jeff Bezos,2025-06-12T19:59:15Z,16,0,get_good_at_math_physics_cs_or_anything_else_in_life
Thank you so much,2025-06-12T19:22:56Z,0,0,get_good_at_math_physics_cs_or_anything_else_in_life
Thanks for the motivation.,2025-06-12T19:19:02Z,0,0,get_good_at_math_physics_cs_or_anything_else_in_life
Just finished studying Math today‚ù§üëç thank you sir!,2025-06-12T18:39:58Z,8,0,get_good_at_math_physics_cs_or_anything_else_in_life
yessir ü´°,2025-06-12T18:10:14Z,0,0,get_good_at_math_physics_cs_or_anything_else_in_life
Why would anyone want to be good with anything?,2025-06-12T18:03:04Z,0,0,get_good_at_math_physics_cs_or_anything_else_in_life
Hello mathematician sorcerer i have little bit question from my side that is why i can&#39;t learn math i follow it daily from childhood to adulthood still i am fumbling in math why even i am graduated but still i am struggling in mathematics what happened with myself i have no idea no clue even i love math but i can&#39;t learn math why??,2025-06-12T17:06:43Z,0,0,get_good_at_math_physics_cs_or_anything_else_in_life
Procrastination kills the motivation,2025-06-12T17:03:07Z,452,6,get_good_at_math_physics_cs_or_anything_else_in_life
Reply: Stress and work... I&#39;m a junior programmer and I&#39;m becoming a worse programmer at work while also I have no energy after work to code at home...,2025-06-12T20:37:24Z,13,0,get_good_at_math_physics_cs_or_anything_else_in_life
Reply: No procrastination anymore brother,2025-06-12T21:16:55Z,6,0,get_good_at_math_physics_cs_or_anything_else_in_life
Reply: @@rattlehead999How is work and studying at home different in terms of programming? Are you forced to do things that don‚Äôt elevate your skills? Genuine question.,2025-06-12T22:15:13Z,1,0,get_good_at_math_physics_cs_or_anything_else_in_life
Reply: @@rattlehead999 i probably would be in your position if i didnt quit monkey coding when i finished college,2025-06-13T02:11:43Z,1,0,get_good_at_math_physics_cs_or_anything_else_in_life
"Reply: @@yaacheese8643 When you are re-writing the software, but you mainly do client-side and api implementations on an already established project.<br><br>Basically all the broad knowledge and kills I got from books is unused, while I implement queries, services, controller endpoints, blazor UI with client logic. <br><br>I don&#39;t practice software architecture or any of the less known and common details about all the technologies. Basically for a few years now I&#39;ve only been using 30-40% of my skill set, while technically learning some new things, I forget more than I learn.",2025-06-13T06:58:14Z,0,0,get_good_at_math_physics_cs_or_anything_else_in_life
True,2025-06-12T16:44:19Z,0,0,get_good_at_math_physics_cs_or_anything_else_in_life
‚ù§‚ù§‚ù§‚ù§,2025-06-12T16:43:48Z,0,0,get_good_at_math_physics_cs_or_anything_else_in_life
I suddenly remembered - one day I was really stressed about my dance competition because my teacher said with this type of skill you are gonna go nowhere... You need so much practice and that day when I came back home I practiced for like 3 hours straight and got thick blister on my feet ü•≤ I had 2 dance performances after 3 days and I performed with the blister but my teacher praised me alot ‚ú®ü•≥,2025-06-12T16:25:40Z,0,10,get_good_at_math_physics_cs_or_anything_else_in_life
"Reply: Woah! That&#39;s some serious dedication. Your blisters must&#39;ve healed by now, but YOU became muvh stronger. You must&#39;ve had realised what you&#39;re capable of after those 3 hours, hadn&#39;t you?",2025-06-12T17:22:51Z,1,0,get_good_at_math_physics_cs_or_anything_else_in_life
Reply: Yess indeed! I am glad someone  took time to read this comment and reply to it! <br>Actually I am really crazy about dance! I am 17 and I have been dancing since the age of 8 but all of that is self learned cause my parents never agreed for a class but since it&#39;s a fierce passion inside me I never stop! Rehearsals are indeed magical and unleash your full potential! I have had many injuries while dancing lol this was one of the most significant because it happened just 2-3 days before the performance @AkshatAkhand,2025-06-12T18:32:15Z,0,0,get_good_at_math_physics_cs_or_anything_else_in_life
"Reply: ‚Äã@@Jimini_lala Hey. I am 17 too. Nice to know you.<br>So, you&#39;ve been refining your art since 9 years. And all that without formal classes. That&#39;s great. üî•<br>&quot;Parents never agreed...&quot; That&#39;s  a lil disappointing, but you still doing it. That&#39;s love you got for the art. ‚ù§<br>Keep it up my friend. I admire this dedication of yours. üòä<br>Btw, where are you from? India, perhaps?",2025-06-12T19:17:21Z,0,0,get_good_at_math_physics_cs_or_anything_else_in_life
Reply: Thanks! I am from new delhi and you? <br>What do you study by the way? ‚Äã@AkshatAkhand,2025-06-13T05:44:39Z,0,0,get_good_at_math_physics_cs_or_anything_else_in_life
Reply: ‚Äã@@Jimini_lala PCM Bhai. Prep for JEE.,2025-06-13T10:20:43Z,0,0,get_good_at_math_physics_cs_or_anything_else_in_life
thanks,2025-06-12T16:24:49Z,2,0,get_good_at_math_physics_cs_or_anything_else_in_life
Good video,2025-06-12T16:13:31Z,0,0,get_good_at_math_physics_cs_or_anything_else_in_life
"Hi sir, could you please make a video on must books or recommended books for computer science?",2025-06-12T16:01:57Z,0,0,get_good_at_math_physics_cs_or_anything_else_in_life
"Which should be a higher priority? <br>Math, physics or cs?",2025-06-12T16:01:23Z,0,5,get_good_at_math_physics_cs_or_anything_else_in_life
"Reply: Set clear goals for yourself, and practice all at the same level",2025-06-12T16:27:43Z,3,0,get_good_at_math_physics_cs_or_anything_else_in_life
"Reply: I think the best is starting from the ground up, meaning Math -&gt; Physics/CS. But it depends on your goals.",2025-06-12T16:40:00Z,4,0,get_good_at_math_physics_cs_or_anything_else_in_life
"Reply: @@user-xj5fo5lw9uif less time, physics or cs?",2025-06-12T17:55:11Z,0,0,get_good_at_math_physics_cs_or_anything_else_in_life
Reply: Counterstrike 1.0 pro is your calling bruh.. full throttle. Sell all your belongings and buy a gaming mouse. Duh.,2025-06-12T18:14:17Z,1,0,get_good_at_math_physics_cs_or_anything_else_in_life
"Reply: for Physics and CS you need only as much math as they require. For math just do math.<br>In general for CS math isn&#39;t super important, because in the real world you rarely work anything math or physics related.",2025-06-12T20:40:02Z,3,0,get_good_at_math_physics_cs_or_anything_else_in_life
"i little lose about practice. Learni do this point. And yes, i start feel i need practice. And since summer i start some practice after learning. So, right key is learn + practice what u have learned.",2025-06-12T15:56:28Z,1,1,get_good_at_math_physics_cs_or_anything_else_in_life
"Reply: That‚Äôs exactly what they didn‚Äôt let me do in school. I‚Äôd review my assignments and tests, and the teacher would say, ‚ÄúWe‚Äôre done with that.  Move on to the next thing!‚Äù",2025-06-12T22:48:53Z,2,0,get_good_at_math_physics_cs_or_anything_else_in_life
Why u cutted ur hair sir ??,2025-06-12T15:53:42Z,7,3,get_good_at_math_physics_cs_or_anything_else_in_life
Reply: To better physics and maths more and more üòÇüòÇüòÇüòÇ,2025-06-12T15:55:22Z,11,0,get_good_at_math_physics_cs_or_anything_else_in_life
Reply: Wait its not tied back?,2025-06-12T15:59:42Z,0,0,get_good_at_math_physics_cs_or_anything_else_in_life
Reply: I think it&#39;s just tied back,2025-06-12T16:06:28Z,2,0,get_good_at_math_physics_cs_or_anything_else_in_life
First,2025-06-12T15:52:12Z,1,1,get_good_at_math_physics_cs_or_anything_else_in_life
Reply: üòÇsoo,2025-06-12T15:53:58Z,1,0,get_good_at_math_physics_cs_or_anything_else_in_life
Can you make a video about the math required for effective trading please,2025-06-14T20:45:12Z,0,1,basic_real_analysis_book_for_self_study
"Reply: Follow Buffet&#39;s advice: drop trading, work on a marketable skill and invest your income in an index fund.",2025-06-17T10:18:52Z,0,0,basic_real_analysis_book_for_self_study
‚ù§‚ù§‚ù§‚ù§‚ù§,2025-06-13T12:50:28Z,0,0,basic_real_analysis_book_for_self_study
"Sir, do a video on set book that are available in hard copy, for those who are interested to become a successful self-taught Quantitative Researcher and Crypto Trading",2025-06-13T12:13:12Z,1,0,basic_real_analysis_book_for_self_study
Please provide pdf of this book,2025-06-12T06:09:58Z,0,1,basic_real_analysis_book_for_self_study
Reply: Your country&#39;s name,2025-06-13T07:11:20Z,0,0,basic_real_analysis_book_for_self_study
"Wow, really expensive for Dover books at $33. I&#39;ve noticed the past year or so since I buy used books, more than I need, that the prices have skyrocket many times over.",2025-06-12T02:19:19Z,1,0,basic_real_analysis_book_for_self_study
"My library must have over a hundred math books thanks to these videos üòÇ Now, to learn and understand it all üôÉ",2025-06-11T20:45:47Z,4,1,basic_real_analysis_book_for_self_study
"Reply: Same here.   Mostly I&#39;d take out books at the library, scan them into the computer using pdf format.  And just return the book.   They have book copiers now that are pretty fast.",2025-06-11T21:23:13Z,2,0,basic_real_analysis_book_for_self_study
"Here it is <a href=""https://amzn.to/4kZGwIH"">https://amzn.to/4kZGwIH</a> (affiliate link)",2025-06-11T16:50:07Z,1,0,cats_who_actually_do_mathematics
"i was wondering what the city tutoring guy was ranting about, now i get it",2025-06-15T02:28:39Z,0,0,cats_who_actually_do_mathematics
"thanks, finally math for cats",2025-06-14T05:31:38Z,1,0,cats_who_actually_do_mathematics
Literally does anyone buy these books?,2025-06-12T18:41:47Z,4,0,cats_who_actually_do_mathematics
How many books have you written?,2025-06-12T18:19:25Z,2,0,cats_who_actually_do_mathematics
‚ù§‚ù§‚ù§‚ù§‚ù§,2025-06-12T05:19:53Z,0,0,cats_who_actually_do_mathematics
"I feel like you create this kind of videos for me! Or for all of us that feel stuck in overthinking and uncertanity... Thank you and dont stop... Your videos deserve milions of wievs, becouse they truly help people",2025-06-16T11:48:17Z,0,0,3_ways_to_get_out_of_a_rut
How do you keep posting videos right at the moment when I need them,2025-06-12T09:49:32Z,1,0,3_ways_to_get_out_of_a_rut
This helps a lot sir !,2025-06-12T07:44:25Z,0,0,3_ways_to_get_out_of_a_rut
"in 10 years, i will become a great mathematician. i am 17 now.",2025-06-12T04:36:51Z,2,0,3_ways_to_get_out_of_a_rut
Good stuff man!,2025-06-12T02:37:52Z,0,0,3_ways_to_get_out_of_a_rut
Great video,2025-06-12T01:59:25Z,0,0,3_ways_to_get_out_of_a_rut
1. think about what you&#39;re trying to do<br>2. have a big dream<br>3. be present,2025-06-11T22:51:00Z,2,0,3_ways_to_get_out_of_a_rut
Spot on. Thank you.,2025-06-11T18:45:16Z,0,0,3_ways_to_get_out_of_a_rut
Sir i am following you for long time like 5 years but i am implementing the things you are saying for 1 months and i am feeling the change within me,2025-06-11T17:48:49Z,1,0,3_ways_to_get_out_of_a_rut
"One thing I think is important to add is the importance of momentum. There&#39;s a lot to be said for taking some action to break inertia. It doesn&#39;t have to be anything great, just take a walk or do the dishes or pretty much anything but sitting in a thought loop.",2025-06-11T17:18:11Z,9,0,3_ways_to_get_out_of_a_rut
"You couldnt have posted this at a better time. I just got over my Aeronautical engineering diploma Midsem tests. Thermodynamics, C++, Eng Math , digital electronics.<br><br>Did great for most except electronics, cos im a mechanical kid, I studied like a madman for these tests , did great but holidays started and i feel like i have no purpose anymore, <br><br>I havent used tiktok in 9 months and i got addicted to it in the last 5 days of holiday, I thought im relaxing but i still feel tired and have those eyebags.<br><br>Im scared that this will roll into next term which will be harder and this mindset of mine is Weak. Thank you, Sir",2025-06-11T16:48:36Z,5,0,3_ways_to_get_out_of_a_rut
‚ù§‚ù§‚ù§‚ù§‚ù§,2025-06-11T16:48:33Z,1,0,3_ways_to_get_out_of_a_rut
‚ù§,2025-06-11T16:46:07Z,1,0,3_ways_to_get_out_of_a_rut
